INSERT INTO `transportadora`.`departamento` (`codigo_dep`, `nombre_DEP`) VALUES ('5', 'Bogota');
INSERT INTO `transportadora`.`departamento` (`codigo_dep`, `nombre_DEP`) VALUES ('15', 'Cundinamarca');
INSERT INTO `transportadora`.`departamento` (`codigo_dep`, `nombre_DEP`) VALUES ('7', 'Boyaca');
INSERT INTO `transportadora`.`departamento` (`codigo_dep`, `nombre_DEP`) VALUES ('2', 'Antioquia');
INSERT INTO `transportadora`.`departamento` (`codigo_dep`, `nombre_DEP`) VALUES ('30', 'Tolima');
INSERT INTO `transportadora`.`ciudad` (`codigo_dep`, `codigo_ciu`) VALUES ('5', '1');
INSERT INTO `transportadora`.`ciudad` (`codigo_dep`, `codigo_ciu`) VALUES ('15', '2');
INSERT INTO `transportadora`.`ciudad` (`codigo_dep`, `codigo_ciu`) VALUES ('7', '3');
INSERT INTO `transportadora`.`ciudad` (`codigo_dep`, `codigo_ciu`) VALUES ('2', '4');
INSERT INTO `transportadora`.`ciudad` (`codigo_dep`, `codigo_ciu`) VALUES ('30', '5');
INSERT INTO `transportadora`.`eps` (`ideps`, `nombre_eps`) VALUES ('1', 'famisanar');
INSERT INTO `transportadora`.`eps` (`ideps`, `nombre_eps`) VALUES ('2', 'compensar');
INSERT INTO `transportadora`.`eps` (`ideps`, `nombre_eps`) VALUES ('3', 'cafam');
INSERT INTO `transportadora`.`eps` (`ideps`, `nombre_eps`) VALUES ('4', 'sanitas');
INSERT INTO `transportadora`.`eps` (`ideps`, `nombre_eps`) VALUES ('5', 'colsubsidio');
INSERT INTO `transportadora`.`ruta` (`numero_ruta`, `detalle_ruta`, `valor_pasaje`) VALUES ('1512', 'Usme', '2500');
INSERT INTO `transportadora`.`ruta` (`numero_ruta`, `detalle_ruta`, `valor_pasaje`) VALUES ('1513', 'SanCristobal', '2500');
INSERT INTO `transportadora`.`ruta` (`numero_ruta`, `detalle_ruta`, `valor_pasaje`) VALUES ('1514', 'Engativa', '2500');
INSERT INTO `transportadora`.`ruta` (`numero_ruta`, `detalle_ruta`, `valor_pasaje`) VALUES ('1515', 'Bosa', '2500');
INSERT INTO `transportadora`.`ruta` (`numero_ruta`, `detalle_ruta`, `valor_pasaje`) VALUES ('1516', 'Suba', '2500');
INSERT INTO `transportadora`.`marcas_bus` (`idmarcas_bus`, `marca_us`, `modelo`) VALUES ('100', 'Mercedes benz', 'citaro');
INSERT INTO `transportadora`.`marcas_bus` (`idmarcas_bus`, `marca_us`, `modelo`) VALUES ('101', 'Volkswagen', 'Volksbus');
INSERT INTO `transportadora`.`marcas_bus` (`idmarcas_bus`, `marca_us`, `modelo`) VALUES ('102', 'Chevrolet', 'Vitara');
INSERT INTO `transportadora`.`marcas_bus` (`idmarcas_bus`, `marca_us`, `modelo`) VALUES ('103', 'Renault', 'Alaskan');
INSERT INTO `transportadora`.`marcas_bus` (`idmarcas_bus`, `marca_us`, `modelo`) VALUES ('104', 'Volvo', 'Penta');
INSERT INTO `transportadora`.`bus` (`numero_bus`, `placa_bus`, `numero_ruta`, `idmarcas_bus`, `cilindraje`) VALUES ('1', 'tyh541', '1512', '100', '2600');
INSERT INTO `transportadora`.`bus` (`numero_bus`, `placa_bus`, `numero_ruta`, `idmarcas_bus`, `cilindraje`) VALUES ('2', 'gtr876', '1513', '101', '2600');
INSERT INTO `transportadora`.`bus` (`numero_bus`, `placa_bus`, `numero_ruta`, `idmarcas_bus`, `cilindraje`) VALUES ('3', 'ytr987', '1514', '102', '2600');
INSERT INTO `transportadora`.`bus` (`numero_bus`, `placa_bus`, `numero_ruta`, `idmarcas_bus`, `cilindraje`) VALUES ('4', 'rte364', '1515', '103', '2600');
INSERT INTO `transportadora`.`bus` (`numero_bus`, `placa_bus`, `numero_ruta`, `idmarcas_bus`, `cilindraje`) VALUES ('5', 'teh712', '1516', '104', '2600');
INSERT INTO `transportadora`.`conductor` (`cedula_cond`, `nombre_cond`, `email_cond`, `celular_cond`, `direccion_cond`, `ideps`) VALUES ('18342334', 'Juan Pablo Aragon Zamora', 'juanzamora@gmail.com', '3456754', 'calle 5 # 5 - 45', '1');
INSERT INTO `transportadora`.`conductor` (`cedula_cond`, `nombre_cond`, `email_cond`, `celular_cond`, `direccion_cond`, `ideps`) VALUES ('68645368', 'Victor Manuel Camelo Gonzales', 'victormanuel@gmail.com', '3456754', 'carrera 10 # 34 - 78', '2');
INSERT INTO `transportadora`.`conductor` (`cedula_cond`, `nombre_cond`, `email_cond`, `celular_cond`, `direccion_cond`, `ideps`) VALUES ('97534589', 'Juan Antonio Prieto Molina', 'juanantonio@gmail.com', '3456754', 'calle 15 # 2 - 98', '3');
INSERT INTO `transportadora`.`conductor` (`cedula_cond`, `nombre_cond`, `email_cond`, `celular_cond`, `direccion_cond`, `ideps`) VALUES ('10747839', 'Nicolas Arturo Rodriguez M0rales', 'nicolasrodriguez@gmail.com', '3456754', 'av 5 # 56 - 7', '4');
INSERT INTO `transportadora`.`conductor` (`cedula_cond`, `nombre_cond`, `email_cond`, `celular_cond`, `direccion_cond`, `ideps`) VALUES ('28472340', 'Ivan David Trujillo Martinez', 'ivantrujillo@gmail.com', '3456754', 'calle 6 # 9a - 54', '5');
INSERT INTO `transportadora`.`bus_conductor` (`numero_bus`, `cedula_cond`, `fecha`) VALUES ('1', '10747839', '2021-01-01');
INSERT INTO `transportadora`.`bus_conductor` (`numero_bus`, `cedula_cond`, `fecha`) VALUES ('2', '18342334', '2021-01-01');
INSERT INTO `transportadora`.`bus_conductor` (`numero_bus`, `cedula_cond`, `fecha`) VALUES ('3', '28472340', '2021-01-01');
INSERT INTO `transportadora`.`bus_conductor` (`numero_bus`, `cedula_cond`, `fecha`) VALUES ('4', '68645368', '2021-01-01');
INSERT INTO `transportadora`.`bus_conductor` (`numero_bus`, `cedula_cond`, `fecha`) VALUES ('5', '97534589', '2021-01-01');
INSERT INTO `transportadora`.`tipo_usuario` (`idtipo_usuario`, `tipo_usuario`) VALUES ('50', 'administrador');
INSERT INTO `transportadora`.`tipo_usuario` (`idtipo_usuario`, `tipo_usuario`) VALUES ('51', 'socio');
INSERT INTO `transportadora`.`tipo_usuario` (`idtipo_usuario`, `tipo_usuario`) VALUES ('52', 'funcionario');
INSERT INTO `transportadora`.`tipo_usuario` (`idtipo_usuario`, `tipo_usuario`) VALUES ('53', 'socio');
INSERT INTO `transportadora`.`tipo_usuario` (`idtipo_usuario`, `tipo_usuario`) VALUES ('54', 'administrador');
INSERT INTO `transportadora`.`usuario` (`cedula_usu`, `nombre_usu`, `apellido_usu`, `email_usu`, `direccion_usu`, `codigo_ciu`, `celular_usu`, `idtipo_usuario`, `contrasena`) VALUES ('34234267', 'Camilo', 'Hernandez', 'camilohernandez@hotmail.com', 'calle 76 # 45-28', '1', '32456786', '50', '897645');
INSERT INTO `transportadora`.`usuario` (`cedula_usu`, `nombre_usu`, `apellido_usu`, `email_usu`, `direccion_usu`, `codigo_ciu`, `celular_usu`, `idtipo_usuario`, `contrasena`) VALUES ('107689675', 'Luis', 'Rios', 'luisrios@gmail.com', 'calle 54 # 6-98', '2', '33067578', '51', 'RZbKMhbYrs9R');
INSERT INTO `transportadora`.`usuario` (`cedula_usu`, `nombre_usu`, `apellido_usu`, `email_usu`, `direccion_usu`, `codigo_ciu`, `celular_usu`, `idtipo_usuario`, `contrasena`) VALUES ('20768975', 'Fernando', 'Yaya', 'fernandoyaya@yahoo.es', 'calle 15 # 7-89', '3', '31236787', '52', 'Dg7cPwHPhAQ7');
INSERT INTO `transportadora`.`usuario` (`cedula_usu`, `nombre_usu`, `apellido_usu`, `email_usu`, `direccion_usu`, `codigo_ciu`, `celular_usu`, `idtipo_usuario`, `contrasena`) VALUES ('7975467', 'Enrique', 'Sierra', 'enriquesierra@gmail.com', 'carrera 115 # 20-98', '4', '32956786', '53', 'hVqB7RP1hhUV');
INSERT INTO `transportadora`.`usuario` (`cedula_usu`, `nombre_usu`, `apellido_usu`, `email_usu`, `direccion_usu`, `codigo_ciu`, `celular_usu`, `idtipo_usuario`, `contrasena`) VALUES ('1075446347', 'Nicolas', 'Garzon', 'nicolasgarzon@hotmail.com', 'calle 56 # 6 -76', '5', '31234587', '54', 'LOwhY72K0y1y');
INSERT INTO `transportadora`.`registro_diario` (`idregistro_diario`, `numero_bus`, `cedula_cond`, `cedula_usu`, `dia_laborado`, `registro_inicial`, `registro_final`, `vlr_tanqueo`, `vlr_parqueo`, `vlr_lavado`, `vlr_repuesto`, `vlr_otros`, `producido_dia`, `total_gastos_dia`, `ganancias_dia`) VALUES ('30', '1', '10747839', '7975467', '2021-01-01', '20', '20', '150000', '10000', '20000', '0', '0', '500000', '180000', '320000');
INSERT INTO `transportadora`.`registro_diario` (`idregistro_diario`, `numero_bus`, `cedula_cond`, `cedula_usu`, `dia_laborado`, `registro_inicial`, `registro_final`, `vlr_tanqueo`, `vlr_parqueo`, `vlr_lavado`, `vlr_repuesto`, `vlr_otros`, `producido_dia`, `total_gastos_dia`, `ganancias_dia`) VALUES ('31', '2', '18342334', '20768975', '2021-01-01', '20', '20', '145000', '11000', '19000', '0', '0', '480000', '175000', '305000');
INSERT INTO `transportadora`.`registro_diario` (`idregistro_diario`, `numero_bus`, `cedula_cond`, `cedula_usu`, `dia_laborado`, `registro_inicial`, `registro_final`, `vlr_tanqueo`, `vlr_parqueo`, `vlr_lavado`, `vlr_repuesto`, `vlr_otros`, `producido_dia`, `total_gastos_dia`, `ganancias_dia`) VALUES ('32', '3', '28472340', '34234267', '2021-01-01', '20', '20', '140000', '12000', '18000', '0', '0', '450000', '170000', '280000');
INSERT INTO `transportadora`.`registro_diario` (`idregistro_diario`, `numero_bus`, `cedula_cond`, `cedula_usu`, `dia_laborado`, `registro_inicial`, `registro_final`, `vlr_tanqueo`, `vlr_parqueo`, `vlr_lavado`, `vlr_repuesto`, `vlr_otros`, `producido_dia`, `total_gastos_dia`, `ganancias_dia`) VALUES ('33', '4', '68645368', '107689675', '2021-01-01', '20', '20', '148000', '13000', '17000', '0', '0', '440000', '178000', '262000');
INSERT INTO `transportadora`.`registro_diario` (`idregistro_diario`, `numero_bus`, `cedula_cond`, `cedula_usu`, `dia_laborado`, `registro_inicial`, `registro_final`, `vlr_tanqueo`, `vlr_parqueo`, `vlr_lavado`, `vlr_repuesto`, `vlr_otros`, `producido_dia`, `total_gastos_dia`, `ganancias_dia`) VALUES ('34', '5', '97534589', '1075446347', '2021-01-01', '20', '20', '142000', '14000', '16000', '0', '0', '470000', '172000', '298000');
